<?xml version="1.0" encoding="UTF-8"?>
<metadata modelVersion="1.1.0">
  <groupId>org.clojure</groupId>
  <artifactId>clojure</artifactId>
  <versioning>
    <latest>1.5.1</latest>
    <release>1.5.1</release>
    <versions>
      <version>1.0.0</version>
      <version>1.1.0</version>
      <version>1.2.0</version>
      <version>1.2.1</version>
      <version>1.3.0-alpha5</version>
      <version>1.3.0-alpha6</version>
      <version>1.3.0-alpha7</version>
      <version>1.3.0-alpha8</version>
      <version>1.3.0-beta1</version>
      <version>1.3.0-beta2</version>
      <version>1.3.0-beta3</version>
      <version>1.3.0-RC0</version>
      <version>1.3.0</version>
      <version>1.4.0-alpha1</version>
      <version>1.4.0-alpha2</version>
      <version>1.4.0-alpha3</version>
      <version>1.4.0-alpha4</version>
      <version>1.4.0-alpha5</version>
      <version>1.4.0-beta1</version>
      <version>1.4.0-beta2</version>
      <version>1.4.0-beta3</version>
      <version>1.4.0-beta4</version>
      <version>1.4.0-beta5</version>
      <version>1.4.0-beta6</version>
      <version>1.4.0-beta7</version>
      <version>1.4.0</version>
      <version>1.5.0-alpha1</version>
      <version>1.5.0-alpha2</version>
      <version>1.5.0-alpha3</version>
      <version>1.5.0-alpha4</version>
      <version>1.5.0-alpha5</version>
      <version>1.5.0-alpha6</version>
      <version>1.5.0-alpha7</version>
      <version>1.5.0-beta1</version>
      <version>1.5.0-beta2</version>
      <version>1.5.0-beta7</version>
      <version>1.5.0-beta8</version>
      <version>1.5.0-beta9</version>
      <version>1.5.0-beta10</version>
      <version>1.5.0-beta11</version>
      <version>1.5.0-beta12</version>
      <version>1.5.0-beta13</version>
      <version>1.5.0-RC1</version>
      <version>1.5.0-RC2</version>
      <version>1.5.0-RC3</version>
      <version>1.5.0-RC4</version>
      <version>1.5.0-RC5</version>
      <version>1.5.0-RC6</version>
      <version>1.5.0-RC14</version>
      <version>1.5.0-RC15</version>
      <version>1.5.0-RC16</version>
      <version>1.5.0-RC17</version>
      <version>1.5.0</version>
      <version>1.5.1</version>
    </versions>
    <lastUpdated>20130310182910</lastUpdated>
  </versioning>
</metadata>
