<?xml version="1.0" encoding="UTF-8"?>
<metadata>
  <groupId>org.clojure</groupId>
  <artifactId>clojure</artifactId>
  <versioning>
    <release>1.5.0-alpha3</release>
    <versions>
      <version>1.2.1</version>
      <version>1.3.0</version>
      <version>1.4.0</version>
      <version>1.2.0</version>
      <version>1.5.0-alpha1</version>
      <version>1.5.0-alpha2</version>
      <version>1.5.0-alpha3</version>
    </versions>
    <lastUpdated>20120816174048</lastUpdated>
  </versioning>
</metadata>
